Nick,Hughes,My Company,0403111999,nick@email.com
Nick,Hughes,My Company,0403111999,nick@email.com
1,Nick,Hughes,My Company,0403111999,nick@email.com
1,Nick,Hughes,My Company,0403111999,nick@email.com
1,Nick,Hughes,My Company,0403111999,nick@email.com
1,Nick,Hughes,My Company,0403111999,nick@email.com
1,Nick,Hughes,My Company,0403111999,nick@email.com
1,Nick,Hughes,My Company,0403111999,nick@email.com
1,Nick,Hughes,My Company,0403111999,nick@email.com
1,Nick,Hughes,My Company,0403111999,nick@email.com
1,Nick,Hughes,My Company,0403111999,nick@email.com
1,Nick,Hughes,My Company,0403111999,nick@email.com
1,Nick,Hughes,My Company,0403111999,nick@email.com
1,Nick,Hughes,My Company,0403111999,nick@email.com
1,Nick,Hughes,My Company,0403111999,nick@email.com
1,Nick,Hughes,My Company,0403111999,nick@email.com
1,Nick,Hughes,My Company,0403111999,nick@email.com
1,Nick,Hughes,My Company,0403111999,nick@email.com
